1:1	Author Index Abekawa, Takeshi 46 Abney, Steven 862 Asahara, Masayuki 565, 670 Baldwin, Timothy 779, 945 Bendre, S.M. 211 Bharathi, Akshar 211 Bollegala, Danushka 624 Byron, Donna K. 588 Carroll, John 165 Chali, Yllias 280 Chang, Bao-Bao 1017 Chang, Jason S. 519 Chang, Xinzhi 292 Charniak, Eugene 58 Chen, Conrad 838 Chen, Hsin-Hsi 838 Chen, Jinxiu 390 Chen, Jinying 933 Chen, Keh-Jiann 177 Chen, Wenliang 292 Chen, Xiaoming 1 Chen, Yi-Rong 1017 Chklovski, Timothy 792 Choi, Key-Sun 143, 302, 450 Choi, Myung-Seok 143 Choi, SeonHwa 357 Crocker, Matthew W. 849 Daille, Beatrice 707 Denecke, Matthias 486 Dienes, Peter 119 Dong, Ming-Chui 612 Duan, Jianyong 1 Evans, David A. 22 Fang, Gaolin 1004 Fan, Xinghua 245, 302 Fan, Yandong 993 Fossum, Victoria 862 Fujita, Atsushi 908 Fukumoto, Fumiyo 10 Fung, Pascale 257 Gamage, Kumudu 438 Gao, Jianfeng 957 Goh, Chooi-Ling 670 Grefenstette, Gregory 22 Gurevych, Iryna 767 Hagiwara, Masato 334 Hara, Tadayoshi 199 Hong, Gumwon 366 Hore, Campbell 565 Hsieh, Yu-Ming 177 Huang, Xuanjing 498 Hu, Dong-Cheng 612 Hu, Yi 1 Hwang, Young-Sook 474 Inui, Kentaro 908 Isahara, Hitoshi 346 Ishizuka, Mitsuru 624 Isu, Naoki 815 Jang, Myung-Gil 920 Jang, Seok Bae 588 Jiang, Di 874 Ji, Donghong 390 Joshi, Aravind K. 553 Kaji, Nobuhiro 981 Kang, Byeong-Kwu 1017 Katz, Boris 969 Kawahara, Daisuke 188, 682 Kawai, Atsuo 815 Kazama, Junichi 106 Kendall, Elizabeth 993 Kim, Kyungsun 731 Kim, Mi-Young 155 Kim, Seonho 646 Kim, Su Nam 945 Kit, Chunyu 223 Klakow, Dietrich 507 Knoeferle, Pia 849 Ko, Youngjoong 731 Kruengkrai, Canasai 346 Kruij, Geert-Jan M. 507 Kurohashi, Sadao 188, 682, 754, 981 Kwong, Oi Yee 804 1030 Author Index Lease, Matthew 58 Lee, Changbeom 636 Lee, Gary Geunbae 658 Lee, Jong-Hyeok 155 Lee, Seungwoo 658 Lee, Sun-Hee 588 Lee, Yong-Hun 155 Liang, Tyne 519, 742 Li, Baoli 694 Li, Haizhou 576, 600 Li, Shuanglong 70 Li, Wei 34 Li, Wei 414 Li, Wenjie 414, 694 Li, Yi-Ping 612 Lim, Chul Su 143 Lin, Shouxun 70 Lin, Yu-Hsiang 742 Liu, BingQuan 827 Liu, Qun 70 Liu, Xiaoyue 223 Long, Congjun 874 Lu, Qin 414, 694 Lu, Ruzhan 1 Mao, Yu-Hang 612 Masui, Fumito 815 Matsumoto, Yuji 565, 670, 908 Mayberry, Marshall R., III 849 Meng, Yao 542 Miyao, Yusuke 199 Morin, Emmanuel 707 Nagata, Ryo 815 Nakagawa, Hiroshi 269 Nakazawa, Toshiaki 682 Nishimura, Ryo 131 Nishino, Fumihito 542, 1004 Niu, Zhengyu 390 Noureddine, Soufiane 280 Ock, Cheolyoung 636 Oepen, Stephan 165 Ogawa, Yasuhiro 334 Oh, Jong-Hoon 450 Okada, Yoshihiro 131 Okanohara, Daisuke 314 Okazaki, Naoaki 624 Okumura, Manabu 46, 426 Ooi, Beng Chin 576 Osborne, Miles 896 Pasca, Marius 119 Palmer, Martha 933 Pantel, Patrick 792 Park, HyukRo 357, 636 Park, Kyung-Mi 646 Pei, Bingzhen 1 Qian, Yueliang 70 Qu, Yan 22 Rim, Hae-Chang 646, 920 Rohini, U. 211 Sangal, Rajeev 211 Sasaki, Yutaka 474 Sassano, Manabu 82 Seo, Hee-Cheol 920 Seo, Jungyun 731 Setiawan, Hendra 576, 600 Shen, Dan 507 Shibata, Tomohide 754 Shimohata, Mitsuo 233 Smith, Andrew 896 Sornlertlamvanich, Virach 346 Srichaivattana, Prapass 346 Su, Jian 378, 600, 719 Sumita, Eiichiro 233 Sun, Maosong 34, 245, 302 Suzuki, Hisami 957 Takamura, Hiroya 426 Tamura, Akihiro 426 Tanaka-Ishii, Kumiko 93 Tan, Chew Lim 378, 390, 719 Tokunaga, Kosuke 106 Tongchim, Shisanu 346 Torisawa, Kentaro 106 Toyama, Katsuhiko 334 Tsou, Benjamin K. 292, 804 Tsujii, Junichi 199, 314 Tsukada, Hajime 486 Uzuner,  Ozlem 969 Veale, Tony 326 Venkatapathy, Sriram 553 Vishnu, P. 211 Author Index 1031 Wakana, Takahiro 815 Wang, Danmei 378 Wang, Haifeng 462 Wang, XiaoLong 827 Wang, Yi-Chia 519 Wasala, Asanka 438 Watanabe, Taro 474 Watanabe, Yasuhiko 131 Weerasinghe, Ruvan 438 Wong, Fai 612 Wong, Kam-Fai 414 Wu, Dekai 257 Wu, Hua 462 Wu, Jian-Cheng 519 Wu, Lide 498 Wu, Mingli 694 Xiao, JingHui 827 Xiong, Deyi 70 Yamaji, Yusuke 10 Yang, Duen-Chi 177 Yang, Xiaofeng 719 Ye, Na 292 Ye, Patrick 779 Ye, Yang 885 Yoon, Juntae 646 Yoshida, Minoru 269 Yu, Hao 542, 1004 Yu, Shi-Wen 1017 Yuan, Wei 957 Zhang, Jichuan 874 Zhang, Min 378, 576, 600 Zhang, Qin 302 Zhang, Zhu 402, 885 Zhang, Zhushuo 498 Zhou, Guodong 378, 530 Zhou, Yaqian 498 Zhu, Jingbo 292

